date,views,reach,inter,visits,follows,clicks
2026-08-26,567,456,40,21,1,0
2026-08-27,482,343,29,14,0,0
2026-08-28,1757,1126,57,25,0,0
2026-08-29,1504,937,81,24,0,0
2026-08-30,327,255,9,16,1,0
2026-08-31,352,273,9,16,1,0
2026-09-01,3204,2559,242,38,25,0
2026-09-02,608,494,29,20,6,0
2026-09-03,2022,1728,85,17,1,0
2026-09-04,90885,75215,10194,109,23,0
2026-09-05,51617,40202,7420,144,36,0
2026-09-06,13841,11031,2008,74,34,0
2026-09-07,10888,8519,1342,59,8,0
2026-09-08,34394,25666,5950,391,31,0
2026-09-09,58354,42104,10602,684,63,0
2026-09-10,20123,14821,2636,243,45,0
2026-09-11,29247,20469,3672,298,39,0
2026-09-12,23965,18045,2509,196,14,0
2026-09-13,4971,3521,539,98,8,0
2026-09-14,5492,4097,794,108,9,0
2026-09-15,6459,4806,753,116,4,0
2026-09-16,4392,3444,573,82,6,0
2026-09-17,5920,4616,715,78,4,0
2026-09-18,33239,26341,3883,199,106,0
2026-09-19,16600,13739,2089,143,77,0
2026-09-20,22008,17978,1681,163,79,0
2026-09-21,11749,9294,1297,106,74,0
2026-09-22,8577,6253,868,207,24,0
